theme,lane,names,listed,breadth,today,1w,1m,3m,6m,ytd,leader,unquoted
GPUs,Semis,8,8,87.5,1.82,20.27,8.41,-3.5,104.72,92.52,ALAB,
CPUs,Semis,6,6,83.33,1.43,16.12,19.17,-2.89,88.61,100.56,ARM,
Memory,Semis,6,6,100.0,5.69,17.87,9.59,-12.27,125.01,257.0,RMBS,
HBM,Semis,6,6,100.0,3.62,15.17,7.2,-12.66,50.17,106.73,FORM,
NAND,Semis,3,3,100.0,5.71,18.47,13.19,-5.15,182.35,381.09,SNDK,
MLCC,Semis,6,6,100.0,2.83,6.34,2.98,-22.16,39.99,70.25,VPG,
Semi Testing,Semis,8,8,100.0,3.59,15.3,1.32,-11.56,43.63,117.14,COHU,
Semi Equipment,Semis,11,11,100.0,2.14,10.12,-3.51,-19.91,18.11,57.18,TER,
Foundry,Semis,6,6,83.33,1.31,16.95,17.83,-8.61,87.09,133.92,ASX,
Advanced Packaging,Semis,7,7,100.0,3.61,15.7,5.36,-14.6,31.85,88.72,KLIC,
Analog Semis,Semis,12,12,91.67,2.09,6.96,3.51,-16.69,27.79,52.04,MPWR,
Power Semis,Semis,10,10,100.0,3.52,8.91,0.45,-28.43,30.0,55.52,MPWR,
RF Semis,Semis,6,6,100.0,1.73,10.08,15.43,-5.52,43.81,42.46,STM,
Optical,Semis,10,10,70.0,1.29,14.34,-2.19,-17.98,33.75,77.2,NOVT,
EDA Software,Semis,5,5,100.0,2.6,15.3,9.35,-12.59,36.68,62.36,PDFS,
PCB and EMS,Semis,7,7,100.0,3.44,6.89,7.67,-16.39,33.16,55.71,ROG,
Connectors,Semis,7,7,100.0,1.6,4.46,-0.48,-6.43,6.2,23.04,APH,
Semi Materials,Semis,7,7,85.71,2.45,14.4,0.12,-20.75,13.63,127.22,ENTG,
Robotics,AI,8,8,75.0,0.73,3.89,-0.82,6.09,10.33,10.64,TER,
Industrial Automation,AI,9,9,88.89,0.95,3.01,-2.25,5.0,15.34,20.57,ZBRA,
Humanoid Robots,AI,6,6,50.0,-0.33,2.29,-0.25,-0.63,-7.79,-17.84,SYM,
Agentic AI,AI,12,12,33.33,-0.14,1.99,1.81,33.7,52.38,2.69,MDB,
Edge AI,AI,10,10,90.0,2.12,11.17,8.7,-16.7,48.24,66.4,LSCC,
Routers,AI,10,10,30.0,-1.26,5.35,1.63,-5.56,28.7,53.79,FFIV,
Neoclouds,AI,9,9,77.78,1.26,13.93,3.98,-20.91,27.61,49.33,HUT,
Hyperscalers,AI,6,6,16.67,-0.59,1.94,6.93,9.16,17.28,-1.95,ORCL,
Data Center REITs,AI,3,3,66.67,0.3,5.49,-4.26,-7.58,11.53,33.54,IRM,
Data Center Power,AI,10,10,70.0,0.53,4.63,-3.1,-13.73,2.29,41.33,POWL,
Cybersecurity,AI,12,12,75.0,0.38,4.68,14.42,46.44,95.89,52.8,RPD,
AI Servers,AI,7,7,57.14,-0.28,5.26,9.01,10.36,69.16,85.66,CLS,
Autonomous Driving,AI,6,6,33.33,-0.5,-0.57,-1.47,-4.07,11.54,0.85,APTV,
Drones,AI,8,8,12.5,-1.58,-0.1,-12.88,-2.2,-18.5,-22.98,AXON,
Quantum Computing,AI,8,8,37.5,0.2,5.46,0.22,-9.5,15.38,-11.54,HON,
GLP-1,Health,9,9,88.89,5.07,4.07,-3.68,5.66,7.32,-1.15,VKTX,
Medical Devices,Health,12,12,58.33,-0.16,0.85,-4.46,9.55,-2.75,-16.53,BSX,
Radiopharma,Health,6,6,83.33,1.41,0.78,-2.94,-0.84,12.39,14.94,TLX,
Nuclear Power,Power,10,10,10.0,-0.59,-2.28,-6.66,-15.96,-14.09,-12.93,CEG,
Independent Power,Power,6,6,16.67,-0.49,-0.88,-4.98,-14.61,-12.61,-17.72,CEG,
Advanced Nuclear,Power,4,4,100.0,1.26,9.07,-6.28,-20.44,-20.66,-37.93,LEU,
Uranium,Power,8,8,75.0,2.66,5.23,-6.64,-11.1,-20.52,-14.82,EU,
Grid Equipment,Power,10,10,80.0,0.73,5.05,-2.82,-14.08,6.75,44.65,POWL,
LNG,Power,10,10,10.0,-1.22,-2.89,-2.63,9.72,0.47,33.02,SHEL,
Solar,Power,10,10,40.0,0.32,-0.83,-9.78,-29.96,-25.17,-29.32,SHLS,
Batteries,Materials,8,8,62.5,0.13,-2.1,-13.0,-33.57,-32.08,-30.67,AMPX,
Copper,Materials,8,8,100.0,3.08,4.92,-2.67,15.21,30.06,33.2,ERO,
Rare Earths,Materials,5,5,60.0,-0.58,7.65,-0.72,-17.58,-10.16,-1.2,METC,
Lithium,Materials,6,6,83.33,1.52,3.39,-12.13,-24.4,-15.54,-13.6,ALB,
Gold Miners,Materials,10,10,100.0,3.13,2.27,-6.58,31.04,18.51,13.32,HMY,
Silver Miners,Materials,8,8,100.0,4.16,4.31,-4.81,30.64,15.34,13.11,AG,
Defense,Macro,12,12,8.33,-2.29,-3.0,-10.77,-3.85,-16.54,-13.18,TDG,
Space,Macro,10,10,70.0,1.23,8.0,-3.69,-8.35,6.33,34.68,LUNR,
Crypto Miners,Macro,9,9,77.78,1.84,17.07,11.41,-21.21,44.17,50.03,RIOT,
Crypto Equities,Macro,6,6,83.33,1.17,14.71,18.4,19.02,32.11,14.51,GLXY,
Fintech,Macro,10,10,70.0,0.35,-0.5,-2.49,13.74,24.06,-12.76,UPST,
Banks,Macro,10,10,0.0,-2.42,-4.56,-4.79,-4.24,13.09,2.96,GS,
Regional Banks,Macro,10,10,0.0,-1.73,-5.42,-5.9,-4.94,10.61,4.99,SSB,
Insurance Brokers,Macro,7,7,0.0,-2.15,-6.49,-12.5,4.49,1.35,-15.58,ERIE,
Oil Producers,Macro,10,10,10.0,-1.78,-7.98,-7.65,12.8,-3.71,39.29,XOM,
Oil & Gas Midstream,Macro,8,8,12.5,-1.35,-2.35,-3.15,0.18,-0.89,20.18,MPLX,
Marine Shipping,Macro,10,10,10.0,-3.41,-1.29,5.95,14.32,28.74,73.17,ZIM,
Aerospace,Macro,10,10,30.0,-1.0,-2.54,-11.0,-11.26,1.06,5.21,HEI,
Homebuilders,Macro,8,8,100.0,3.0,2.59,-4.88,-7.52,2.81,-4.41,LEN,
Travel,Macro,10,10,40.0,-0.76,-1.37,-10.49,-8.86,4.48,-4.3,DAL,
Casinos,Macro,9,9,22.22,-0.73,-5.41,-12.01,-14.18,-5.67,-16.82,MLCO,
Payments,Macro,9,9,11.11,-1.12,-5.58,-9.35,10.53,8.5,-9.24,PYPL,
Reshoring,Macro,10,10,70.0,0.77,2.44,-2.54,-2.66,12.61,20.06,DE,
Water,Macro,9,9,55.56,0.66,-0.87,-5.51,-1.18,-2.14,-5.53,WMS,
Waste,Macro,6,6,33.33,-0.3,-3.7,-4.57,2.81,3.27,0.76,CLH,
Railroads,Macro,8,8,87.5,1.54,-1.59,-7.34,-1.63,7.4,16.05,GBX,
Trucking,Macro,8,8,75.0,0.61,-4.5,-9.22,-13.68,13.18,26.69,XPO,
Steel,Macro,7,7,100.0,1.6,0.65,4.49,6.16,37.79,27.98,CLF,
